actual_order,num_obser,auto_arima_true_count,auto_arima_false_count,least_p_true_count,least_p_false_count,refit_avg_rmse_least_p_model,avg_rmse_least_p_model_values,refit_avg_rmse_auto_arima,avg_rmse_auto_arima_model,refit_avg_insig_params_least_p_model,avg_insig_params_least_p_model,refit_avg_insig_params_auto_arima_model,avg_insig_params_auto_arima_model,avg_sw_p_value	,avg_lbq_p_value,avg_t_test_p_value,avg_validation_score
4 1 4,300,1,19,0,20,7.62641642886649,9.27089165067773,8.35608993981294,9.35343221925965,0.8,1.4,0.35,0.6,0.498457738413755,0.419230558506537,0.571640344544961,0.7
5 1 2,300,0,10,0,10,4.66435814618536,5.16782553286742,4.78856625403563,5.16192860264579,0.7,2.5,0.6,1.3,0.563974072650084,0.709940005112049,0.734517563705342,0.9
2 1 4,300,0,10,0,10,18.0252539185639,18.0275184629154,18.0342052828432,18.1039874532967,0.5,1,0.3,0.4,0.705811721318468,0.560288780381743,0.614268526326922,0.8
3 1 3,300,0,10,0,10,9.91719032881853,9.97926262267838,10.158250721892,9.9862037617289,0.7,0.9,0.6,1,0.619693227096863,0.553773223374448,0.44079470615822,0.8
5 1 1,300,3,7,1,9,6.04028699681931,6.04531546554287,5.95427948694637,6.04317642069116,0.4,1.4,0.4,0.4,0.48897162743193,0.48374285564655,0.625829682304295,0.8
